{
    "name": "root",
    "metadata": {
        "timer_format_version": "0.1.0",
        "start_time_seconds": "1763166540",
        "python_version": "3.9.13 (tags/v3.9.13:6de2ca5, May 17 2022, 16:36:42) [MSC v.1929 64 bit (AMD64)]",
        "command_line_arguments": "C:\\Users\\miche\\UnityProject\\The Great Banana Escape\\venv\\Scripts\\mlagents-learn --force",
        "mlagents_version": "0.30.0",
        "mlagents_envs_version": "0.30.0",
        "communication_protocol_version": "1.5.0",
        "pytorch_version": "2.8.0+cpu",
        "numpy_version": "1.21.2",
        "end_time_seconds": "1763166630"
    },
    "total": 90.7566027,
    "count": 1,
    "self": 0.006125499999996009,
    "children": {
        "run_training.setup": {
            "total": 0.030274699999999655,
            "count": 1,
            "self": 0.030274699999999655
        },
        "TrainerController.start_learning": {
            "total": 90.7202025,
            "count": 1,
            "self": 0.02029129999996826,
            "children": {
                "TrainerController._reset_env": {
                    "total": 19.502678600000003,
                    "count": 1,
                    "self": 19.502678600000003
                },
                "TrainerController.advance": {
                    "total": 71.08553430000002,
                    "count": 941,
                    "self": 0.01912720000004242,
                    "children": {
                        "env_step": {
                            "total": 70.90343919999998,
                            "count": 941,
                            "self": 69.96054669999998,
                            "children": {
                                "SubprocessEnvManager._take_step": {
                                    "total": 0.9311694999999602,
                                    "count": 941,
                                    "self": 0.04608229999996638,
                                    "children": {
                                        "TorchPolicy.evaluate": {
                                            "total": 0.8850871999999939,
                                            "count": 941,
                                            "self": 0.8850871999999939
                                        }
                                    }
                                },
                                "workers": {
                                    "total": 0.011723000000031902,
                                    "count": 940,
                                    "self": 0.0,
                                    "children": {
                                        "worker_root": {
                                            "total": 9.513452600000047,
                                            "count": 940,
                                            "is_parallel": true,
                                            "self": 3.0542459000001507,
                                            "children": {
                                                "steps_from_proto": {
                                                    "total": 0.00048709999999729803,
                                                    "count": 1,
                                                    "is_parallel": true,
                                                    "self": 0.000242599999996429,
                                                    "children": {
                                                        "_process_rank_one_or_two_observation": {
                                                            "total": 0.000244500000000869,
                                                            "count": 2,
                                                            "is_parallel": true,
                                                            "self": 0.000244500000000869
                                                        }
                                                    }
                                                },
                                                "UnityEnvironment.step": {
                                                    "total": 6.458719599999899,
                                                    "count": 940,
                                                    "is_parallel": true,
                                                    "self": 0.07468369999985924,
                                                    "children": {
                                                        "UnityEnvironment._generate_step_input": {
                                                            "total": 0.06130460000003879,
                                                            "count": 940,
                                                            "is_parallel": true,
                                                            "self": 0.06130460000003879
                                                        },
                                                        "communicator.exchange": {
                                                            "total": 6.059972799999979,
                                                            "count": 940,
                                                            "is_parallel": true,
                                                            "self": 6.059972799999979
                                                        },
                                                        "steps_from_proto": {
                                                            "total": 0.26275850000002166,
                                                            "count": 940,
                                                            "is_parallel": true,
                                                            "self": 0.16074149999995058,
                                                            "children": {
                                                                "_process_rank_one_or_two_observation": {
                                                                    "total": 0.10201700000007108,
                                                                    "count": 1880,
                                                                    "is_parallel": true,
                                                                    "self": 0.10201700000007108
                                                                }
                                                            }
                                                        }
                                                    }
                                                }
                                            }
                                        }
                                    }
                                }
                            }
                        },
                        "trainer_advance": {
                            "total": 0.16296789999999461,
                            "count": 940,
                            "self": 0.02502340000004466,
                            "children": {
                                "process_trajectory": {
                                    "total": 0.13794449999994995,
                                    "count": 940,
                                    "self": 0.13794449999994995
                                }
                            }
                        }
                    }
                },
                "TrainerController._save_models": {
                    "total": 0.11169830000000047,
                    "count": 1,
                    "self": 0.02651199999999676,
                    "children": {
                        "RLTrainer._checkpoint": {
                            "total": 0.08518630000000371,
                            "count": 1,